{
  "levelDatas": [
    {
      "levelName": "VeryEasy",
      "gridDimension": {
        "x": 4,
        "y": 4,
        "magnitude": 5.656854,
        "sqrMagnitude": 32
      },
      "cardIds": [
        [
          0,
          0,
          0,
          0
        ],
        [
          1,
          1,
          1,
          1
        ],
        [
          1,
          1,
          1,
          1
        ],
        [
          0,
          0,
          0,
          0
        ]
      ],
      "time": 120
    },
    {
      "levelName": "U_space",
      "gridDimension": {
        "x": 6,
        "y": 6,
        "magnitude": 8.485281,
        "sqrMagnitude": 72
      },
      "cardIds": [
        [
          0,
          32,
          -1,
          -1,
          13,
          55
        ],
        [
          1,
          13,
          -1,
          -1,
          43,
          0
        ],
        [
          22,
          26,
          -1,
          -1,
          28,
          49
        ],
        [
          26,
          22,
          -1,
          -1,
          43,
          49
        ],
        [
          13,
          32,
          1,
          0,
          50,
          35
        ],
        [
          35,
          55,
          50,
          28,
          0,
          13
        ]
      ],
      "time": 120
    },
    {
      "levelName": "Hard_8x8",
      "gridDimension": {
        "x": 8,
        "y": 8,
        "magnitude": 11.3137083,
        "sqrMagnitude": 128
      },
      "cardIds": [
        [
          30,
          40,
          33,
          49,
          28,
          50,
          55,
          50
        ],
        [
          31,
          31,
          15,
          33,
          0,
          50,
          44,
          55
        ],
        [
          49,
          33,
          49,
          15,
          22,
          44,
          26,
          0
        ],
        [
          30,
          13,
          22,
          43,
          35,
          49,
          0,
          0
        ],
        [
          0,
          50,
          37,
          26,
          54,
          39,
          4,
          7
        ],
        [
          43,
          13,
          54,
          39,
          7,
          13,
          9,
          33
        ],
        [
          26,
          37,
          55,
          28,
          26,
          40,
          4,
          49
        ],
        [
          55,
          9,
          35,
          26,
          49,
          13,
          0,
          26
        ]
      ],
      "time": 200
    },
    {
      "levelName": "Mid__4x5",
      "gridDimension": {
        "x": 4,
        "y": 5,
        "magnitude": 6.40312433,
        "sqrMagnitude": 41
      },
      "cardIds": [
        [
          19,
          14,
          15,
          13,
          41
        ],
        [
          11,
          19,
          2,
          43,
          41
        ],
        [
          13,
          2,
          14,
          26,
          50
        ],
        [
          11,
          15,
          26,
          43,
          50
        ]
      ],
      "time": 100
    },
    {
      "levelName": "Mid_4x4",
      "gridDimension": {
        "x": 4,
        "y": 4,
        "magnitude": 5.656854,
        "sqrMagnitude": 32
      },
      "cardIds": [
        [
          0,
          14,
          12,
          14
        ],
        [
          12,
          10,
          22,
          11
        ],
        [
          11,
          10,
          13,
          15
        ],
        [
          22,
          15,
          13,
          0
        ]
      ],
      "time": 200
    },
    {
      "levelName": "Easy_4x4",
      "gridDimension": {
        "x": 4,
        "y": 4,
        "magnitude": 5.656854,
        "sqrMagnitude": 32
      },
      "cardIds": [
        [
          0,
          0,
          1,
          1
        ],
        [
          2,
          2,
          3,
          3
        ],
        [
          4,
          4,
          5,
          5
        ],
        [
          7,
          7,
          8,
          8
        ]
      ],
      "time": 100
    }
  ]
}